sort_date	record_type	category	status	display_title	presentation_title	presentation_type	location_display	city	country	online	privacy_redacted	source	end_date	event_url	resource_url	resource_label	date_precision	event_short_name	status_note
2026-10-07	presentation	talk	given	The Twelfth Information and Statistics in Nuclear Experiment and Theory (ISNET-12)	Sequential Bayesian Inference in Heavy-Ion Collisions: From Correlated Datasets to Soft--Hard Constraints	talk	Berkeley, CA, USA	Berkeley	USA	no	no	user_update		https://conferences.lbl.gov/event/2526/	https://conferences.lbl.gov/event/2526/contributions/12550/	Presentation		ISNET-12	
2026-10-05	event	workshop	attended	The Twelfth Information and Statistics in Nuclear Experiment and Theory (ISNET-12)			Berkeley, CA, USA	Berkeley	USA	no	no	user_update	2026-10-09	https://conferences.lbl.gov/event/2526/				ISNET-12	
2026-06-24	presentation	talk	given	The 13th International Conference on Hard and Electromagnetic Probes of High-Energy Nuclear Collisions (Hard Probes 2026)	Bridging soft and hard Bayesian inference in heavy-ion collisions	contributed talk	Nashville, TN, USA	Nashville	USA	no	no	user_update			https://indico.cern.ch/event/1428985/contributions/6971782/	Presentation		Hard Probes 2026
2026-06-23	presentation	poster	given	The 13th International Conference on Hard and Electromagnetic Probes of High-Energy Nuclear Collisions (Hard Probes 2026)	Dynamical soft--hard hadron correlations across momentum scales in the quark--gluon plasma	poster	Nashville, TN, USA	Nashville	USA	no	no	user_update			https://indico.cern.ch/event/1428985/contributions/6978914/	Presentation		Hard Probes 2026
2026-06-22	event	conference	attended	The 13th International Conference on Hard and Electromagnetic Probes of High-Energy Nuclear Collisions (Hard Probes 2026)			Nashville, TN, USA	Nashville	USA	no	no	user_update	2026-06-26	https://indico.cern.ch/event/1428985/				Hard Probes 2026
2026-05-11	presentation	talk	given	2026 RHIC/AGS Annual Users' Meeting	Probing the QCD Phase Diagram at the EIC: Modeling High-Baryon Density Fluids in the Fixed-Target Regime	talk	Upton, NY, USA	Upton	USA	no	no	user_update	
2026-05-11	event	meeting	attended	2026 RHIC/AGS Annual Users' Meeting			Upton, NY, USA	Upton	USA	no	no	user_update	2026-05-15	https://www.bnl.gov/rhicagsaum/
2026-03-26	presentation	poster	given	The 22nd International Conference on Strangeness in Quark Matter (Strangeness in Quark Matter 2026)	From collective flow to hadronization dynamics: Tracing soft-to-hard interplay with the radial-flow fluctuations v0(pT)	poster	Los Angeles, CA, USA	Los Angeles	USA	no	no	user_update			https://indico.global/event/13943/contributions/141161/	Presentation		Strangeness in Quark Matter 2026
2026-03-23	presentation	plenary	given	The 22nd International Conference on Strangeness in Quark Matter (Strangeness in Quark Matter 2026)	Theory Overview: Dynamical Model Simulations for Heavy-Ion Collisions	plenary talk	Los Angeles, CA, USA	Los Angeles	USA	no	no	user_update			https://indico.global/event/13943/contributions/143651/	Presentation		Strangeness in Quark Matter 2026
2026-03-22	event	conference	attended	The 22nd International Conference on Strangeness in Quark Matter (Strangeness in Quark Matter 2026)			Los Angeles, CA, USA	Los Angeles	USA	no	no	user_update	2026-03-27	https://indico.global/event/13943/				Strangeness in Quark Matter 2026
2026-03-20	presentation	talk	given	Workshop on High Baryon Density Physics in High-Energy Nuclear Collisions	Theory Perspectives on Collective Flows at BES Energies	talk	Berkeley, CA, USA	Berkeley	USA	no	no	user_update			https://conferences.lbl.gov/event/2354/contributions/11862/	Presentation
2026-03-19	event	workshop	attended	Workshop on High Baryon Density Physics in High-Energy Nuclear Collisions			Berkeley, CA, USA	Berkeley	USA	no	no	user_update	2026-03-20	https://conferences.lbl.gov/event/2354/
2025-12-16	presentation	talk	given	The JETSCAPE/X-SCAPE Collaboration Meeting 2025	Hard-Soft Correlations	talk	Durham, NC, USA	Durham	USA	no	no	user_update	
2025-12-15	event	meeting	attended	The JETSCAPE/X-SCAPE Collaboration Meeting 2025			Durham, NC, USA	Durham	USA	no	no	cv_conferences_meetings_schools	2025-12-17
2025-10-28	presentation	talk	given	The QCD Critical Point: Are We There Yet?	Electromagnetic probes and QCD critical point	contributed talk	Seattle, WA, USA	Seattle	USA	no	no	cv_presentations	
2025-10-27	event	workshop	attended	The QCD Critical Point: Are We There Yet?			Seattle, WA, USA	Seattle	USA	no	no	cv_conferences_meetings_schools	2025-11-07	https://www.int.washington.edu/node/1585
2025-09-15	event	workshop	attended				Beijing, China	Beijing	China	no	yes	cv_conferences_meetings_schools	2025-09-17
2025-08-26	presentation	seminar	given	Ohio State physics seminar	Multi-messenger study of QCD matter at finite baryon density in heavy-ion collisions	seminar	Columbus, OH, USA	Columbus	USA	no	no	cv_presentations	
2025-08-25	event	seminar	attended	Ohio State physics seminar			Columbus, OH, USA	Columbus	USA	no	no	cv_conferences_meetings_schools	2025-08-29
2025-05-20	event	meeting	attended	2025 RHIC/AGS Annual Users' Meeting			Upton, NY, USA	Upton	USA	no	no	cv_conferences_meetings_schools	2025-05-23	https://indico.bnl.gov/event/27198/
2025-05-20	presentation	talk	given	2025 RHIC/AGS Annual Users' Meeting	Theory Overview on Beam Energy Scan	contributed talk	Upton, NY, USA	Upton	USA	no	no	cv_presentations	2025-05-23		https://indico.bnl.gov/event/27198/contributions/107145/	Presentation
2025-01-01	event	conference	declined	The 10th Asian Triangle Heavy-Ion Conference (ATHIC 2025)						no	no	cv_conferences_meetings_schools		https://indico.cern.ch/event/1424442/			year	ATHIC 2025	due to travel constraints
2025-01-01	event	conference	declined	The 8th International Conference on the Initial Stages of High-Energy Nuclear Collisions (Initial Stages 2025)						no	no	cv_conferences_meetings_schools		https://indico.cern.ch/event/1479384/			year	Initial Stages 2025	due to travel constraints
2024-12-16	event	workshop	attended	JETSCAPE Bayesian work week			Berkeley, CA, USA	Berkeley	USA	no	no	cv_conferences_meetings_schools	2024-12-20
2024-09-28	event	workshop	attended	Jet Modification and Hard-Soft Correlations (SoftJet 2024)			Tokyo, Japan	Tokyo	Japan	no	no	user_update	2024-09-29	https://indico.cern.ch/event/1403965/
2024-09-26	presentation	plenary	given	The 12th International Conference on Hard and Electromagnetic Probes of High-Energy Nuclear Collisions (Hard Probes 2024)	Electromagnetic and Weak Probes: Theory	plenary talk	Nagasaki, Japan	Nagasaki	Japan	no	no	cv_presentations			https://indico.cern.ch/event/1339555/contributions/6038905/	Presentation		Hard Probes 2024
2024-09-22	event	conference	attended	The 12th International Conference on Hard and Electromagnetic Probes of High-Energy Nuclear Collisions (Hard Probes 2024)			Nagasaki, Japan	Nagasaki	Japan	no	no	cv_conferences_meetings_schools	2024-09-27	https://indico.cern.ch/event/1339555/				Hard Probes 2024
2024-08-22	presentation	talk	given	The 14th International Conference on Nucleus-Nucleus Collisions (NN 2024)	Multi-observable analysis of jet quenching using Bayesian Inference	contributed talk	Whistler, BC, Canada	Whistler	Canada	no	no	cv_presentations		https://indico.triumf.ca/event/438/				NN 2024
2024-08-18	event	conference	attended	The 14th International Conference on Nucleus-Nucleus Collisions (NN 2024)			Whistler, BC, Canada	Whistler	Canada	no	no	cv_conferences_meetings_schools	2024-08-23	https://indico.triumf.ca/event/438/				NN 2024
2024-07-01	presentation	seminar	given			seminar	Shanghai, China	Shanghai	China	no	yes	cv_presentations	
2024-06-28	presentation	seminar	given			seminar	Shanghai, China	Shanghai	China	no	yes	cv_presentations	
2024-06-27	presentation	seminar	given			seminar	Shanghai, China	Shanghai	China	no	yes	cv_presentations	
2024-06-23	presentation	seminar	given			seminar	Guangzhou, China	Guangzhou	China	no	yes	cv_presentations	
2024-06-18	presentation	seminar	given			seminar	Qingdao, China	Qingdao	China	no	yes	cv_presentations	
2024-06-14	presentation	seminar	given			seminar	Beijing, China	Beijing	China	no	yes	cv_presentations	
2024-06-13	presentation	talk	given			contributed talk	Beijing, China	Beijing	China	no	yes	cv_presentations	
2024-06-12	presentation	seminar	given			seminar	Beijing, China	Beijing	China	no	yes	cv_presentations	
2024-06-11	event	workshop	attended				Beijing/Qingdao/Guangzhou/Shanghai, China	Beijing	China	no	yes	cv_conferences_meetings_schools	2024-06-28
2024-06-05	presentation	seminar	given			seminar	Dalian, China	Dalian	China	no	yes	cv_presentations	
2024-05-28	presentation	seminar	given			seminar	Beijing, China	Beijing	China	no	yes	cv_presentations	
2024-05-20	event	conference	attended	The 15th Workshop on Critical Point and Onset of Deconfinement (CPOD 2024)			Berkeley, CA, USA	Berkeley	USA	no	no	cv_conferences_meetings_schools	2024-05-24	https://conferences.lbl.gov/event/1376/				CPOD 2024
2024-05-20	presentation	plenary	given	The 15th Workshop on Critical Point and Onset of Deconfinement (CPOD 2024)	Theory Overview on Collectivity	plenary talk	Berkeley, CA, USA	Berkeley	USA	no	no	cv_presentations	2024-05-24	https://conferences.lbl.gov/event/1376/				CPOD 2024
2024-01-24	presentation	talk	given	The 1st workshop on Baryon Dynamics from RHIC to EIC	Baryon stopping: Nucleon deceleration vs String junction breaking	contributed talk	Stony Brook, NY, USA	Stony Brook	USA	no	no	cv_presentations			https://indico.cfnssbu.physics.sunysb.edu/event/113/contributions/744/	Presentation
2024-01-22	event	workshop	attended	The 1st workshop on Baryon Dynamics from RHIC to EIC			Stony Brook, NY, USA	Stony Brook	USA	no	no	cv_conferences_meetings_schools	2024-01-24	https://indico.cfnssbu.physics.sunysb.edu/event/113/
2024-01-10	presentation	seminar	given			seminar	Online	Online	Online	yes	yes	cv_presentations	
2023-12-07	presentation	seminar	given	LBNL Seminar	Probing longitudinal dynamics of heavy-ion collisions at Beam Energy Scan	seminar	Online	Online	Online	yes	no	cv_presentations	
2023-10-24	presentation	seminar	given	BEST Collaboration BES-Tea Seminar	Thermal dilepton production in heavy-ion collisions at Beam Energy Scan energies	seminar	Online	Online	Online	yes	no	cv_presentations	
2023-09-27	event	meeting	attended	The JETSCAPE/X-SCAPE Collaboration Meeting 2023			Online	Online	Online	yes	no	cv_conferences_meetings_schools	2023-09-29
2023-09-18	presentation	seminar	given	JETSCAPE Collaboration SIMS meeting	Thermal dilepton production in heavy-ion collisions at Beam Energy Scan energies	seminar	Online	Online	Online	yes	no	cv_presentations	
2023-09-05	presentation	talk	given	The 30th International Conference on Ultra-relativistic Nucleus-Nucleus Collisions (Quark Matter 2023)	Probing initial baryon stopping and equation of state with rapidity-dependent directed flow of identified particles	contributed talk	Houston, TX, USA	Houston	USA	no	no	cv_presentations		https://indico.cern.ch/event/1139644/	https://indico.cern.ch/event/1139644/contributions/5453491/	Presentation		Quark Matter 2023
2023-09-03	event	conference	attended	The 30th International Conference on Ultra-relativistic Nucleus-Nucleus Collisions (Quark Matter 2023)			Houston, TX, USA	Houston	USA	no	no	cv_conferences_meetings_schools	2023-09-09	https://indico.cern.ch/event/1139644/				Quark Matter 2023
2023-08-23	presentation	talk	given	Chirality and Criticality: Novel Phenomena in Heavy-Ion Collisions	Bulk dynamics and rapidity scan at Beam Energy Scan	contributed talk	Seattle, WA, USA	Seattle	USA	no	no	cv_presentations	
2023-08-21	event	workshop	attended	Chirality and Criticality: Novel Phenomena in Heavy-Ion Collisions			Seattle, WA, USA	Seattle	USA	no	no	cv_conferences_meetings_schools	2023-08-25
2023-08-02	presentation	talk	given	2023 RHIC/AGS Annual Users' Meeting	Longitudinal Dynamics of Heavy-Ion Collisions at Beam Energy Scan	contributed talk	Upton, NY, USA	Upton	USA	no	no	cv_presentations	
2023-08-01	event	meeting	attended	2023 RHIC/AGS Annual Users' Meeting			Upton, NY, USA	Upton	USA	no	no	cv_conferences_meetings_schools	2023-08-04
2023-07-11	presentation	talk	given	The Many Faces of Relativistic Fluid Dynamics	Exploring Initial and Final Baryon Distributions in Heavy-Ion Collisions at Beam Energy Scan	contributed talk	Santa Barbara, CA, USA	Santa Barbara	USA	no	no	cv_presentations			https://online.kitp.ucsb.edu/online/relfluids23/du/	Presentation
2023-07-05	event	workshop	attended	The Many Faces of Relativistic Fluid Dynamics			Santa Barbara, CA, USA	Santa Barbara	USA	no	no	cv_conferences_meetings_schools	2023-07-14	https://online.kitp.ucsb.edu/online/relfluids23/si-relfluids23-today.html
2023-06-01	presentation	seminar	given	Peking University seminar	Exploring initial and final baryon distributions in heavy-ion collisions at Beam Energy Scan	seminar	Beijing, China	Beijing	China	no	no	cv_presentations	
2023-05-31	presentation	seminar	given	Tsinghua University seminar	Exploring initial and final baryon distributions in heavy-ion collisions at Beam Energy Scan	seminar	Beijing, China	Beijing	China	no	no	cv_presentations	
2023-05-18	presentation	seminar	given	Fudan University seminar	Exploring initial and final baryon distributions in heavy-ion collisions at Beam Energy Scan	seminar	Shanghai, China	Shanghai	China	no	no	cv_presentations	
2023-05-17	presentation	seminar	given	Central China Normal University seminar	Exploring initial and final baryon distributions in heavy-ion collisions at Beam Energy Scan	seminar	Wuhan, China	Wuhan	China	no	no	cv_presentations	
2023-05-07	event	conference	attended	The 19th National Conference on Intermediate and High Energy Nuclear Physics			Guangzhou, China	Guangzhou	China	no	no	cv_conferences_meetings_schools	2023-05-10					National Conference on Intermediate and High Energy Nuclear Physics 2023
2023-04-30	presentation	talk	given	Workshop on Highly Baryonic Matter at RHIC-BES and Future Facilities	Rapidity scan with multistage hydrodynamic and statistical thermal models	contributed talk	Tsukuba, Japan	Tsukuba	Japan	no	no	cv_presentations	
2023-04-29	event	workshop	attended	Workshop on Highly Baryonic Matter at RHIC-BES and Future Facilities			Tsukuba, Japan	Tsukuba	Japan	no	no	cv_conferences_meetings_schools	2023-04-30	https://conference-indico.kek.jp/event/205/
2023-04-25	presentation	poster	given	The 9th Asian Triangle Heavy-Ion Conference (ATHIC 2023)	Probing initial baryon stopping and equation of state with rapidity-dependent directed flow of identified particles	poster	Hiroshima, Japan	Hiroshima	Japan	no	no	user_update		https://indico.cern.ch/e/athic2023				ATHIC 2023
2023-04-24	event	conference	attended	The 9th Asian Triangle Heavy-Ion Conference (ATHIC 2023)			Hiroshima, Japan	Hiroshima	Japan	no	no	cv_conferences_meetings_schools	2023-04-27	https://indico.cern.ch/e/athic2023				ATHIC 2023
2022-12-09	presentation	seminar	given	Central China Normal University International Young Scholars Forum 2022	Theoretical modeling of heavy-ion collisions at Beam Energy Scan energies	seminar	Online	Online	Online	yes	no	cv_presentations	
2022-11-29	presentation	talk	given	Workshop on Critical Point and Onset of Deconfinement (CPOD 2022)	Probing initial baryon stopping and equation of state with rapidity-dependent directed flow of identified particles	contributed talk	Online	Online	Online	yes	no	cv_presentations		https://indico.cern.ch/event/1186000/	https://indico.cern.ch/event/1186000/contributions/5117772/	Presentation		CPOD 2022
2022-11-28	event	conference	attended	Workshop on Critical Point and Onset of Deconfinement (CPOD 2022)			Online	Online	Online	yes	no	cv_conferences_meetings_schools	2022-12-02	https://indico.cern.ch/event/1186000/				CPOD 2022
2022-08-18	event	workshop	attended	Berkeley Symposium on Hard Probes and Beyond			Hybrid	Hybrid	Hybrid	no	no	cv_conferences_meetings_schools	2022-08-19	https://conferences.lbl.gov/event/966/
2022-07-25	event	school	lecturer	JETSCAPE Summer School 2022			Online	Online	Online	yes	no	cv_conferences_meetings_schools	2022-08-05
2022-07-25	presentation	lecture	lecturer	JETSCAPE Summer School 2022	Bulk dynamics of the Quark-Gluon Plasma	invited lecture	Online	Online	Online	yes	no	cv_presentations	2022-08-05
2022-04-19	presentation	seminar	given	RHIC Beam Energy Scan seminar series	Hydrodynamics near the QCD critical point	seminar	Online	Online	Online	yes	no	cv_presentations	
2022-04-06	presentation	poster	given	The 29th International Conference on Ultra-relativistic Nucleus-Nucleus Collisions (Quark Matter 2022)	Probing initial baryon stopping and baryon diffusive transport with rapidity-dependent directed flow of identified particles	poster	Hybrid/Krakow, Poland	Krakow	Poland	no	no	user_update		https://indico.cern.ch/event/895086/	https://indico.cern.ch/event/895086/contributions/4712143/	Presentation		Quark Matter 2022
2022-04-04	event	conference	attended	The 29th International Conference on Ultra-relativistic Nucleus-Nucleus Collisions (Quark Matter 2022)			Hybrid/Krakow, Poland	Krakow	Poland	no	no	cv_conferences_meetings_schools	2022-04-10	https://indico.cern.ch/event/895086/				Quark Matter 2022
2022-01-25	event	workshop	attended	RBRC Workshop: Physics Opportunities from the RHIC Isobar Run			Online	Online	Online	yes	no	cv_conferences_meetings_schools	2022-01-28
2021-12-13	event	conference	attended	Information and Statistics in Nuclear Experiment and Theory (ISNET 8)			Hybrid	Hybrid	Hybrid	no	no	cv_conferences_meetings_schools	2021-12-16	https://indico.frib.msu.edu/event/47/				ISNET 8
2021-11-15	presentation	seminar	given	UIUC Medium and High Energy Physics Seminar	Hydrodynamic description of the baryon-charged quark-gluon plasma	seminar	Online	Online	Online	yes	no	cv_presentations	
2021-11-01	presentation	seminar	given	BEST Collaboration BES-Tea seminar	Baryon transport and the QCD critical point	seminar	Online	Online	Online	yes	no	cv_presentations	
2021-10-26	presentation	seminar	given	McGill nuclear theory seminar	Hydrodynamic description of the baryon-charged quark-gluon plasma	seminar	Montreal, QC, Canada	Montreal	Canada	no	no	cv_presentations	
2021-10-11	event	meeting	attended	APS DNP Meeting 2021			Online	Online	Online	yes	no	cv_conferences_meetings_schools	2021-10-14
2021-08-16	event	workshop	attended	RHIC Beam Energy Scan and Beyond			Online	Online	Online	yes	no	cv_conferences_meetings_schools	2021-08-17
2021-08-02	event	meeting	attended	The JETSCAPE/X-SCAPE Collaboration Meeting 2021			Online	Online	Online	yes	no	cv_conferences_meetings_schools	2021-08-04
2021-07-19	event	school	ta	JETSCAPE Summer School 2021			Online	Online	Online	yes	no	cv_conferences_meetings_schools	2021-07-30
2021-06-08	event	meeting	attended	RHIC/AGS Annual Users' Meeting 2021			Online	Online	Online	yes	no	cv_conferences_meetings_schools	2021-06-11
2021-05-26	event	workshop	attended	Workshop on QGP Phenomenology			Online	Online	Online	yes	no	cv_conferences_meetings_schools	2021-05-31
2021-05-17	event	conference	attended	The 19th International Conference on Strangeness in Quark Matter (Strangeness in Quark Matter 2021)			Online	Online	Online	yes	no	cv_conferences_meetings_schools	2021-05-22	https://indico.cern.ch/event/985652/				Strangeness in Quark Matter 2021
2021-03-17	presentation	talk	given	The 13th International Conference on Critical Point and Onset of Deconfinement (CPOD 2021)	Baryon diffusion away from and close to the QCD critical point	contributed talk	Online	Online	Online	yes	no	cv_presentations		https://indico.cern.ch/event/985460/	https://indico.cern.ch/event/985460/contributions/4264602/	Presentation		CPOD 2021
2021-03-15	event	conference	attended	The 13th International Conference on Critical Point and Onset of Deconfinement (CPOD 2021)			Online	Online	Online	yes	no	cv_conferences_meetings_schools	2021-03-19	https://indico.cern.ch/event/985460/				CPOD 2021
2021-02-04	event	workshop	attended	Opportunities of O-O and p-O collisions at the LHC			Online	Online	Online	yes	no	cv_conferences_meetings_schools	2021-02-10
2021-01-13	presentation	talk	given	The 6th International Conference on the Initial Stages in High-Energy Nuclear Collisions (Initial Stages 2021)	Dynamical initialization of hydrodynamics for heavy-ion collisions at Beam Energy Scan energies	contributed talk	Online	Online	Online	yes	no	cv_presentations		https://indico.cern.ch/event/854124/	https://indico.cern.ch/event/854124/contributions/4145542/	Presentation		Initial Stages 2021
2021-01-10	event	conference	attended	The 6th International Conference on the Initial Stages in High-Energy Nuclear Collisions (Initial Stages 2021)			Online	Online	Online	yes	no	cv_conferences_meetings_schools	2021-01-15	https://indico.cern.ch/event/854124/				Initial Stages 2021
2020-12-11	event	workshop	attended	Relativistic Hydrodynamics: Foundations, Novel Applications and Interdisciplinary Connections			Online	Online	Online	yes	no	cv_conferences_meetings_schools	2020-12-14
2020-11-30	presentation	seminar	given	JETSCAPE Collaboration PHYS meeting	Jet-medium interaction at non-zero net baryon density	seminar	Online	Online	Online	yes	no	cv_presentations	
2020-11-05	presentation	seminar	given	BEST Collaboration student coffee hour	Introduction to hydrodynamics	seminar	Online	Online	Online	yes	no	cv_presentations	
2020-10-30	presentation	talk	given	APS DNP 2020	Jet-medium interaction at non-zero net baryon density	contributed talk	Online (East Lansing host)	Online	Online	yes	no	cv_presentations	
2020-10-29	event	meeting	attended	APS DNP Meeting 2020			Online	Online	Online	yes	no	cv_conferences_meetings_schools	2020-11-01
2020-10-22	event	meeting	attended	RHIC/AGS Annual Users' Meeting 2020			Online	Online	Online	yes	no	cv_conferences_meetings_schools	2020-10-23
2020-10-16	event	meeting	attended	Ohio-Region Section of the APS Autumn Meeting 2020			Online	Online	Online	yes	no	cv_conferences_meetings_schools	2020-10-17
2020-09-04	presentation	seminar	given	Joint UH/UIUC/KSU Weekly journal club	Fluctuation dynamics near the QCD critical point	seminar	Online	Online	Online	yes	no	cv_presentations	
2020-08-11	event	meeting	attended	The JETSCAPE/X-SCAPE Collaboration Meeting 2020			Online	Online	Online	yes	no	cv_conferences_meetings_schools	2020-08-13
2020-08-04	event	seminar	attended	Seminar series on RHIC Beam Energy Scan: Theory and Experiment			Online	Online	Online	yes	no	cv_conferences_meetings_schools	2020-12-15	https://indico.ihep.ac.cn/event/12263/
2020-07-13	event	school	ta	JETSCAPE Summer School 2020			Online	Online	Online	yes	no	cv_conferences_meetings_schools	2020-07-24	https://indico.bnl.gov/event/8660/overview
2020-05-31	event	conference	attended	The 10th International Conference on Hard and Electromagnetic Probes of High-Energy Nuclear Collisions (Hard Probes 2020)			Online	Online	Online	yes	no	cv_conferences_meetings_schools	2020-06-05	https://indico.cern.ch/event/751767/				Hard Probes 2020
2020-05-21	presentation	seminar	given	HENPIC e-Forum	Hydrodynamics at non-zero net baryon density and fluctuation dynamics near the QCD critical point	seminar	Online	Online	Online	yes	no	cv_presentations		https://indico.ihep.ac.cn/event/11115/overview	https://indico.ihep.ac.cn/event/11115/contributions/7567/	Presentation
2020-05-16	event	meeting	attended	BEST Collaboration Annual Meeting 2020			Online	Online	Online	yes	no	cv_conferences_meetings_schools	2020-05-17	https://indico.bnl.gov/event/7236/overview
2020-05-16	presentation	talk	given	BEST Collaboration Annual Meeting 2020	Recent developments: BEShydro and BEShydro+	contributed talk	Online	Online	Online	yes	no	cv_presentations	2020-05-17	https://indico.bnl.gov/event/7236/overview	https://indico.bnl.gov/event/7236/contributions/35660/	Presentation
2020-05-11	event	workshop	attended	Chirality and Criticality: Novel Phenomena in Heavy-Ion Collisions			Online	Online	Online	yes	no	cv_conferences_meetings_schools	2020-05-22	https://sites.google.com/uw.edu/int/programs/current-program-schedule
2020-04-18	event	meeting	attended	APS April Meeting 2020			Online	Online	Online	yes	no	cv_conferences_meetings_schools	2020-04-21
2020-03-16	event	workshop	attended	JETSCAPE Winter School and Workshop 2020			Online	Online	Online	yes	no	cv_conferences_meetings_schools	2020-03-20	https://indico.bnl.gov/event/6998/
2019-11-19	presentation	seminar	given	Peking University HEP Seminar and Workshop	Hydrodynamics and thermalization in heavy-ion collisions	seminar	Beijing, China	Beijing	China	no	no	cv_presentations	
2019-11-04	presentation	poster	given	The 28th International Conference on Ultra-relativistic Nucleus-Nucleus Collisions (Quark Matter 2019)	Fluctuation dynamics near the QCD critical point	poster	Wuhan, China	Wuhan	China	no	no	user_update		https://indico.cern.ch/event/792436/				Quark Matter 2019
2019-11-03	event	conference	attended	The 28th International Conference on Ultra-relativistic Nucleus-Nucleus Collisions (Quark Matter 2019)			Wuhan, China	Wuhan	China	no	no	cv_conferences_meetings_schools	2019-11-09	https://indico.cern.ch/event/792436/				Quark Matter 2019
2019-10-31	presentation	talk	given	Workshop on new development of hydrodynamics	Hydrodynamics and thermalization in heavy-ion collisions	contributed talk	Shanghai, China	Shanghai	China	no	no	cv_presentations	
2019-10-30	event	workshop	attended	Workshop on new development and applications of hydrodynamics			Shanghai, China	Shanghai	China	no	no	cv_conferences_meetings_schools	2019-11-02
2019-10-16	presentation	talk	given	APS DNP Meeting 2019	Fluctuation dynamics near the QCD critical point	contributed talk	Arlington, VA, USA	Arlington	USA	no	no	cv_presentations	
2019-10-14	event	meeting	attended	APS DNP Meeting 2019			Arlington, VA, USA	Arlington	USA	no	no	cv_conferences_meetings_schools	2019-10-17
2019-07-08	event	school	attended	National Nuclear Physics Summer School 2019			Knoxville, TN, USA	Knoxville	USA	no	no	cv_conferences_meetings_schools	2019-07-19
2019-07-08	presentation	poster	given	National Nuclear Physics Summer School 2019	Fluctuation dynamics near the QCD critical point	poster	Knoxville, TN, USA	Knoxville	USA	no	no	user_update	
2019-05-13	presentation	talk	given	BEST Collaboration Annual Meeting 2019	Fluctuation dynamics near the QCD critical point with Hydro+	contributed talk	Raleigh, NC, USA	Raleigh	USA	no	no	cv_presentations	
2019-05-12	event	meeting	attended	BEST Collaboration Annual Meeting 2019			Raleigh, NC, USA	Raleigh	USA	no	no	cv_conferences_meetings_schools	2019-05-15
2019-05-02	presentation	poster	given	Ohio State University	Fluctuation dynamics near the QCD critical point	poster	Columbus, OH, USA	Columbus	USA	no	no	user_update	
2019-02-11	event	workshop	attended	JETSCAPE SIMS Group Mini-Workshop			Detroit, MI, USA	Detroit	USA	no	no	cv_conferences_meetings_schools	2019-02-13
2019-01-03	event	school	attended	JETSCAPE Winter School and Workshop 2019			College Station, TX, USA	College Station	USA	no	no	cv_conferences_meetings_schools	2019-01-07
2018-08-20	event	meeting	attended	BEST Collaboration Annual Meeting 2018			Berkeley, CA, USA	Berkeley	USA	no	no	cv_conferences_meetings_schools	2018-08-21
2018-08-20	presentation	talk	given	BEST Collaboration Annual Meeting 2018	Hybrid model with dynamical sources for heavy-ion collisions at BES energies	contributed talk	Berkeley, CA, USA	Berkeley	USA	no	no	cv_presentations	2018-08-21
2018-07-02	presentation	seminar	given	Central China Normal University seminar	Dynamical initialization and baryon evolution in hybrid models of heavy-ion collisions	seminar	Wuhan, China	Wuhan	China	no	no	cv_presentations	
2018-06-26	presentation	seminar	given	Peking University seminar	Dynamical initialization and baryon evolution in hybrid models of heavy-ion collisions	seminar	Beijing, China	Beijing	China	no	no	cv_presentations	
2018-05-30	presentation	seminar	given	ECT* Doctoral Training Program	Dynamical initialization of heavy-ion collisions at BES energies	seminar	Trento, Italy	Trento	Italy	no	no	cv_presentations	
2018-05-28	event	school	attended	ECT* Doctoral Training Program 2018			Trento, Italy	Trento	Italy	no	no	cv_conferences_meetings_schools	2018-06-22
2018-05-16	presentation	talk	given	The 27th International Conference on Ultra-relativistic Nucleus-Nucleus Collisions (Quark Matter 2018)	Hybrid model of heavy-ion collisions at BES energies with dynamical sources	contributed talk	Venice, Italy	Venice	Italy	no	no	cv_presentations		https://indico.cern.ch/event/656452/	https://indico.cern.ch/event/656452/contributions/2869802/	Presentation		Quark Matter 2018
2018-05-13	event	conference	attended	The 27th International Conference on Ultra-relativistic Nucleus-Nucleus Collisions (Quark Matter 2018)			Venice, Italy	Venice	Italy	no	no	cv_conferences_meetings_schools	2018-05-19	https://indico.cern.ch/event/656452/				Quark Matter 2018
2018-04-16	presentation	talk	given	APS April Meeting 2018	(3+1)D hybrid model of heavy-ion collisions at BES energies with dynamical sources	contributed talk	Columbus, OH, USA	Columbus	USA	no	no	cv_presentations	
2018-04-14	event	meeting	attended	APS April Meeting 2018			Columbus, OH, USA	Columbus	USA	no	no	cv_conferences_meetings_schools	2018-04-17
2018-01-03	event	school	attended	JETSCAPE Winter School and Workshop 2018			Berkeley, CA, USA	Berkeley	USA	no	no	cv_conferences_meetings_schools	2018-01-07
2017-08-05	event	meeting	attended	BEST Collaboration Annual Meeting 2017			Stony Brook, NY, USA	Stony Brook	USA	no	no	cv_conferences_meetings_schools	2017-08-06
2017-08-01	event	meeting	attended	JETSCAPE Collaboration Meeting 2017			Columbus, OH, USA	Columbus	USA	no	no	cv_conferences_meetings_schools	2017-08-02
